id,reference_number,title,description,slug,image_url,author,content,is_promoted,is_active,language,created_at,updated_at
46,REF-000008,Footsteps in the Dust: Finding Stillness on Safari,"A journey through the wide, breathing landscapes of East Africa — where the quiet rhythm of wildlife and sunrise changed the way I think about patience, creativity, and building anything meaningful. No code here, only dust trails, slow mornings, and a reminder that inspiration lives in silence.",footsteps-in-the-dust-finding-stillness-on-safari,/images/safari.webp,William Shakespeare,"There’s a point on the road to Tarangire when the asphalt gives up and the earth takes over. The van starts to rattle, the windows hum with dust, and the whole world turns a shade of sun-burnt gold. That’s where my safari began — not at a lodge, not at a gate, not with a guide holding a clipboard — but at the moment the road itself seemed to say, *“Slow down. You’re entering a different kind of time.”*

I’m a Laravel developer by trade, a traveler by habit, and, lately, a believer that code and landscape have more in common than we admit. But this story isn’t about code. It’s about dust trails, heavy skies, and learning to breathe at the pace of a giraffe wandering through morning light.

---

## **The First Morning: Silence as a Teacher**

My first sunrise in East Africa didn’t come gently. It spilled over the horizon in a rush of color — molten orange, then a quick wash of peach, then pale gold that made everything shimmer. The air felt cool, thin, untouched. For a long moment, I didn’t move. None of us in the jeep did. We just watched the world wake up.

In that silence, I realized this was the first time in years that I’d started a morning without reaching for my laptop, checking notifications, or mentally sorting tasks. Instead, I listened to distant birds I couldn’t name and watched dust drift in slow spirals as elephants made their way to the river.

It struck me how rarely I allow my mind to just sit — to *idle*, like a queue waiting for new jobs. Safari life doesn’t rush. It doesn’t sprint. It expands. Each sunrise isn’t a start of a day; it’s an invitation to presence.

---

## **Learning the Rhythm of the Land**

A safari is a strange dance between movement and stillness. You spend hours driving, scanning the horizon, waiting. Then — without warning — everything happens at once. A lioness lifts her head from tall grass. A herd of impala darts across the path. A zebra throws a side-eye glance that feels almost judgmental.

That rhythm did something to me.

In my regular life, I’m always pushing forward — shipping features, fixing bugs, optimizing performance. I’m used to writing code like I’m racing the sun. But the animals here? They weren’t racing anything. They were simply living. Present. Tuned to cycles older than anything we’ve built.

One afternoon, we parked near a watering hole where families of elephants had gathered. Calves splashed in the mud, flapping their ears like oversized kites. The older ones stood still and patient, shadows stretching long behind them.

My guide whispered, “They move slow because they carry memory.”

That line stuck with me. Maybe we all carry memory — of burnout, of overwork, of ideas we rushed through too quickly. Maybe the pace of the wild is the pace we occasionally need to return to.

---

## **The Quiet Conversation with Myself**

There’s a unique kind of thinking that only happens in the back of a safari jeep. The engine hums, the wind whistles through open windows, and the world rolls by in shades of bronze and brown. You’re forced to sit with yourself — and somehow, it doesn’t feel scary. It feels clarifying.

I thought about past projects, abandoned ideas, the libraries I’d built, the ones I left half-finished. I thought about how inspiration shows up not in the noise, but in the quiet. In the spaces between moments.

The safari reminded me that creativity isn’t always loud. Sometimes it’s a rustle in the grass. A shadow moving far in the distance. A whisper that says, *“Wait. Stay with this.”*

And of course, no laptop on my knees, no command line, no editor. Just a growing awareness that maybe inspiration thrives best when we stop trying to force it.

---

## **The Day the Dust Settled**

It was on the fourth morning that I fully understood what this journey was doing to me.

We had been waiting near a stretch of dry riverbed — waiting the way you do on safari, ready but relaxed. Hours passed. Then, out of the still air, a leopard stepped into view. Silent. Effortless. As if she had been there the entire time, just hiding in the folds of light.

No one spoke. Even the guide didn’t whisper. We simply watched as she crossed the riverbed, paused, and looked back at us. Her eyes seemed to hold the entire savanna in them.

And in that moment I felt something settle in me — a kind of stillness I hadn’t known I was missing.

This wasn’t the thrill of seeing rare wildlife. It wasn’t adventure or adrenaline. It was the realization that meaningful things in life, like meaningful builds in code, take time. Patience isn’t a delay; it’s a discipline. Stillness isn’t stagnation; it’s space.

---

## **Leaving the Dust Behind (But Not Really)**

On my last day, I sat on a rock overlooking a quiet plain. No animals in sight. No sound except wind brushing through dry grass. A small part of me wanted to take out my laptop, capture the moment, start outlining a new project inspired by all this peace.

But I didn’t.

I let the dust gather on my boots, felt the sun warm the back of my neck, and breathed in the slow-moving rhythm of a land that had lived, undisturbed, long before I arrived.

I realized that the real gift of the safari wasn’t a story to write, a library to build, or a lesson to apply. It was permission. Permission to pause. To trust the natural pace of things. To remember that inspiration doesn’t need to be chased — it appears when space is made for it.

When I finally climbed back into the jeep, I looked at the footprints we left in the dust. They would fade within minutes. But the stillness? That, I carried with me.

**Footsteps in the dust. Patience in the wild. Silence as inspiration.**  
Sometimes you have to journey somewhere wide and breathing to remember the simplest truth:  
**Nothing meaningful is built in a rush.**
",0,1,en,2025-05-09 00:58:57,2025-11-15 01:03:13
47,REF-000010,Pedaling Through Calm: Notes from Amsterdam’s Canals,"In Amsterdam, I learned to breathe slower. Between quiet bridges and morning rides, ideas arrived gently — like ripples on the water.",pedaling-through-calm-notes-from-amsterdams-canals,/images/amsterdam.webp,William Shakespeare,"## 🌧️ **A Slow Morning on Prinsengracht**

My temporary apartment sits right above a narrow canal, the kind where boats glide by at walking speed and the sound of water tapping against the stones becomes part of the background.

Most mornings start the same:

A hot stroopwafel.  
A warm breeze carrying the faint smell of roasted coffee.  
A laptop open on a wooden bench under a leaning brick house.

There’s something deeply creative about coding outdoors here. Maybe it’s the architecture — those tall, thin houses leaning slightly forward like curious librarians. Maybe it’s the people — biking, talking softly, drifting in and out like background noise.

But mostly, it’s the quiet confidence the city has.  
Amsterdam isn’t trying to impress you.  
It’s simply *being*.

---

## 🚲 **Where Code Meets City Flow**

One afternoon, while watching cyclists weave between trams and pedestrians with impossible smoothness, a thought struck me:

> “Amsterdam is an event-driven city.”

Everything happens in small, gentle triggers:
- A pedestrian steps forward → a cyclist adjusts  
- A boat approaches the bridge → a drawbridge slowly lifts  
- A tram bell rings → people part like water  

It’s choreography.  
Predictable, reactive, elegant.

And it reminded me of how I love to build Laravel packages:  
small events, clean listeners, reactive patterns… but with a touch of serenity.

That’s when the idea arrived.

---

## 🧩 **Introducing: `laravel/canal-flow`**

The Amsterdam-inspired package.

I built it in a tiny café near Leidseplein — the kind of place with minimalist wooden tables and Wi-Fi that pretends to be fast but still lags just enough to help you focus.

`canal-flow` is a lightweight event-mapping layer that lets you define simple, chained reactions inside your app.  
A sort of “city-flow for Laravel.”

Instead of building large listeners, you create smooth, readable flows that respond to triggers like a cyclist dodging a tourist.

**Why Amsterdam inspired this?**  
Because here, everything works by quiet agreement.  
Everything reacts to everything else — calmly.

---

## 🌥️ The Philosophy Behind the Package

Amsterdam taught me something:  
Not every system needs to be dramatic.

Sometimes a ripple is enough.  
A tiny nudge.  
A silent event.

Coding here made me think less about complexity and more about motion — how one small action shapes the next.

`canal-flow` became my way of capturing that feeling inside a Laravel app.  
A small, elegant abstraction that responds gracefully instead of loudly.

---

## 📦 Installing `canal-flow`

Here’s the fictional package born from my Amsterdam adventure.  
It’s simple, quiet, and flow-based — just like the city.

### **Install the Package**

```bash
composer require laravel/canal-flow",1,1,en,2025-06-18 01:06:56,2025-11-15 17:53:50
48,REF-000011,"Cafés, Cobblestones, and Quiet Mornings in Paris","Paris doesn’t shout inspiration — it whispers it. Warm pastries, quiet streets, and a laptop open to half-written ideas became my morning ritual.",cafes-cobblestones-and-quiet-mornings-in-paris,/images/paris.webp,William Shakespeare,"
## 🌧️ **A Slow Morning on Prinsengracht**

My temporary apartment sits right above a narrow canal, the kind where boats glide by at walking speed and the sound of water tapping against the stones becomes part of the background.

Most mornings start the same:

A hot stroopwafel.  
A warm breeze carrying the faint smell of roasted coffee.  
A laptop open on a wooden bench under a leaning brick house.

There’s something deeply creative about coding outdoors here. Maybe it’s the architecture — those tall, thin houses leaning slightly forward like curious librarians. Maybe it’s the people — biking, talking softly, drifting in and out like background noise.

But mostly, it’s the quiet confidence the city has.  
Amsterdam isn’t trying to impress you.  
It’s simply *being*.

---

## 🚲 **Where Code Meets City Flow**

One afternoon, while watching cyclists weave between trams and pedestrians with impossible smoothness, a thought struck me:

> “Amsterdam is an event-driven city.”

Everything happens in small, gentle triggers:
- A pedestrian steps forward → a cyclist adjusts  
- A boat approaches the bridge → a drawbridge slowly lifts  
- A tram bell rings → people part like water  

It’s choreography.  
Predictable, reactive, elegant.

And it reminded me of how I love to build Laravel packages:  
small events, clean listeners, reactive patterns… but with a touch of serenity.

That’s when the idea arrived.

---

## 🧩 **Introducing: `laravel/canal-flow`**

The Amsterdam-inspired package.

I built it in a tiny café near Leidseplein — the kind of place with minimalist wooden tables and Wi-Fi that pretends to be fast but still lags just enough to help you focus.

`canal-flow` is a lightweight event-mapping layer that lets you define simple, chained reactions inside your app.  
A sort of “city-flow for Laravel.”

Instead of building large listeners, you create smooth, readable flows that respond to triggers like a cyclist dodging a tourist.

**Why Amsterdam inspired this?**  
Because here, everything works by quiet agreement.  
Everything reacts to everything else — calmly.

---

## 🌥️ The Philosophy Behind the Package

Amsterdam taught me something:  
Not every system needs to be dramatic.

Sometimes a ripple is enough.  
A tiny nudge.  
A silent event.

Coding here made me think less about complexity and more about motion — how one small action shapes the next.

`canal-flow` became my way of capturing that feeling inside a Laravel app.  
A small, elegant abstraction that responds gracefully instead of loudly.

---

## 📦 Installing `canal-flow`

Here’s the fictional package born from my Amsterdam adventure.  
It’s simple, quiet, and flow-based — just like the city.

### **Install the Package**

```bash
composer require laravel/canal-flow",0,1,en,2025-07-03 01:13:51,2025-11-15 17:53:32
49,REF-000012,Breathing in the Peaks: A Journey Through the Alps,"In the quiet of the Alps, everything felt clearer — the trails, the sky, and even the thoughts I’d been carrying for too long.",breathing-in-the-peaks-a-journey-through-the-alps,/images/alps.webp,William Shakespeare,"In the quiet of the Alps, everything felt clearer — the trails, the sky, and even the thoughts I’d been carrying for too long.",0,1,en,2025-08-05 17:19:17,2025-11-15 17:19:17
50,REF-000005,Salt Air and Sunrise: Healing in Hawaii,"Hawaii felt like a warm exhale. From ocean mornings to volcanic sunsets, every moment softened the noise in my mind.",salt-air-and-sunrise-healing-in-hawaii,/images/hawaii.webp,William Shakespeare,,0,1,en,2025-08-15 17:22:02,2025-11-15 17:22:02
51,REF-000006,Pastel Harbors and Slow Afternoons in Portofino,"Portofino felt like a watercolor brought to life — soft, bright, and soothing. My best ideas came between the waves and the warm afternoon breeze.",pastel-harbors-and-slow-afternoons-in-portofino,/images/portofino.webp,William Shakespeare,"Portofino felt like a watercolor brought to life — soft, bright, and soothing. My best ideas came between the waves and the warm afternoon breeze.",0,1,en,2025-10-26 17:22:31,2025-11-15 17:22:31
52,REF-000007,Where the Sky Dances: Chasing Light in Iceland,"Under the aurora, work didn’t feel like work — it felt like a quiet moment in the universe where ideas drifted like colors across the sky.",where-the-sky-dances-chasing-light-in-iceland,/images/iceland.webp,William Shakespeare,"Under the aurora, work didn’t feel like work — it felt like a quiet moment in the universe where ideas drifted like colors across the sky.",0,1,en,2025-11-15 17:22:48,2025-11-15 17:22:48
54,REF-000010,Pédaler dans le calme : Notes des canaux d’Amsterdam,"À Amsterdam, j’ai appris à respirer plus lentement. Entre ponts silencieux et balades du matin, les idées arrivaient doucement — comme des ondulations sur l’eau.",pedaler-dans-le-calme-notes-des-canaux-damsterdam,/images/amsterdam.webp,William Shakespeare,"## 🌧️ **Un matin tranquille sur Prinsengracht**

Mon appartement temporaire est perché juste au-dessus d’un étroit canal, du genre où les bateaux glissent au rythme de la marche et où le bruit de l’eau qui frappe les pierres finit par se fondre dans le décor.

La plupart des matins commencent ainsi :

Un stroopwafel chaud.  
Une brise tiède qui apporte une légère odeur de café torréfié.  
Un ordinateur ouvert sur un banc en bois sous une maison de briques penchée.

Il y a ici quelque chose de profondément créatif à coder dehors. Peut-être est-ce l’architecture — ces hautes maisons effilées penchées en avant, telles des bibliothécaires curieuses. Peut-être les habitants — qui pédalent, parlent doucement, disparaissent et reviennent, simples murmures en arrière-plan.

Mais surtout, c’est la confiance calme de la ville.  
Amsterdam n’essaie pas de vous impressionner.  
Elle *est*, simplement.

---

## 🚲 **Là où le code épouse le rythme de la ville**

Un après-midi, alors que j’observais les cyclistes se faufiler entre trams et piétons avec une fluidité incroyable, une pensée m’a traversé l’esprit :

> « Amsterdam est une ville orientée événements. »

Tout ici se déclenche en de petits gestes doux :
- Un piéton s’avance → un cycliste ajuste sa trajectoire  
- Un bateau approche du pont → une passerelle se lève lentement  
- Une sonnerie de tram retentit → les gens s’écartent comme l’eau  

C’est de la chorégraphie.  
Prévisible, réactive, élégante.

Et ça m’a rappelé ma façon préférée de créer des packages Laravel :  
petits événements, listeners épurés, schémas réactifs… mais avec une touche de sérénité.

C’est à ce moment-là qu’une idée m’est venue.

---

## 🧩 **Présentation : `laravel/canal-flow`**

Le package inspiré par Amsterdam.

Je l’ai conçu dans un minuscule café près de Leidseplein — du genre avec des tables en bois minimalistes et un Wi-Fi qui se veut rapide mais dont la lenteur discrète vous aide à rester concentré.

`canal-flow` est une couche légère de mapping d’événements qui vous permet de définir de simples réactions en chaîne dans votre application.  
Une sorte de « flow urbain pour Laravel ».

Au lieu de créer de gros listeners, vous concevez des enchaînements clairs et fluides qui réagissent aux déclencheurs, comme un cycliste évitant un touriste.

**Pourquoi cette inspiration venue d’Amsterdam ?**  
Parce qu’ici, tout fonctionne selon des accords tacites.  
Tout réagit à tout, calmement.

---

## 🌥️ La philosophie derrière le package

Amsterdam m’a appris une chose :  
Tout système n’a pas besoin d’être spectaculaire.

Parfois, une simple ondulation suffit.  
Une petite impulsion.  
Un événement silencieux.

Coder ici m’a fait moins penser à la complexité, et plus au mouvement — à la façon dont une petite action en entraîne une autre.

`canal-flow` a été ma façon de capturer ce ressenti dans une application Laravel.  
Une petite abstraction élégante qui répond avec grâce plutôt qu’avec bruit.

---

## 📦 Installer `canal-flow`

Voici le package fictif né de mon aventure amstellodamoise.  
Simple, discret, construit pour le flow — à l’image de la ville.

### **Installer le package**

```bash
composer require laravel/canal-flow
```",1,1,fr,2025-06-18 01:06:56,2025-11-15 18:04:12
55,REF-000007,Là où le ciel danse : À la poursuite de la lumière en Islande,"Sous l’aurore, le travail ne ressemblait plus à du travail — c’était un instant de calme dans l’univers où les idées dérivaient comme des couleurs dans le ciel.",la-ou-le-ciel-danse-a-la-poursuite-de-la-lumiere-en-islande,/images/iceland.webp,William Shakespeare,"Sous l’aurore, le travail ne ressemblait plus à du travail — c’était un instant de calme dans l’univers où les idées dérivaient comme des couleurs dans le ciel.",0,1,fr,2025-11-15 18:06:28,2025-11-15 18:07:18
56,REF-000006,Ports pastels et après-midis paisibles à Portofino,"Portofino ressemblait à une aquarelle animée — douce, lumineuse et apaisante. Mes meilleures idées naissaient entre les vagues et la brise tiède de l’après-midi.",ports-pastels-et-apres-midis-paisibles-a-portofino,/images/portofino.webp,William Shakespeare,"Portofino ressemblait à une aquarelle animée — douce, lumineuse et apaisante. Mes meilleures idées naissaient entre les vagues et la brise tiède de l’après-midi.",0,1,fr,2025-11-15 18:06:33,2025-11-15 18:07:24
57,REF-000005,Air salin et lever de soleil : Guérir à Hawaï,"Hawaï ressemblait à une douce expiration. Des matins océaniques aux couchers de soleil volcaniques, chaque instant apaisait le bruit dans mon esprit.",air-salin-et-lever-de-soleil-guerir-a-hawai,/images/hawaii.webp,William Shakespeare,"# Air salin et lever de soleil : Guérir à Hawaï

Hawaï ressemblait à une douce expiration. Dès que j'ai posé le pied sur l'île, un calme tiède m’a enveloppé, balayant la tension de mes épaules.

## Matins océaniques

Les matins commençaient avec le sel sur la brise et le doux va-et-vient des vagues. Je marchais pieds nus dans le sable frais, écoutant le murmure persistant de l'océan. Parfois, je m’allongeais simplement et observais les palmiers onduler, me sentant, pour la première fois depuis longtemps, détendu.

## Après-midi de lumière

Vers midi, le soleil tapait fort, mais c’était un soleil qui réchauffait l’âme. Je grimpais sur des sentiers, explorais des cascades cachées ou dégustais des fruits mûrs et juteux. Tout était plus vibrant, plus immédiat.

## Couchers de soleil volcaniques

Les soirs appartenaient au ciel. Je regardais le soleil disparaître derrière les montagnes volcaniques, les nuages se gorgeant d'or et de rose. Le bruit dans ma tête diminuait, remplacé par une paix étonnamment silencieuse.

---

Hawaï m’a appris que la guérison vient parfois en respirant simplement, en laissant le sel de la mer et la lumière du jour cicatriser ce qui a été blessé. Ici, chaque moment était une invitation à relâcher, à s’ouvrir, et à commencer à guérir.",0,1,fr,2025-11-15 18:10:09,2025-11-15 18:10:17
58,REF-000012,Respirer dans les sommets : Un voyage à travers les Alpes,"Dans le calme des Alpes, tout semblait plus clair — les sentiers, le ciel, et même les pensées que je portais depuis trop longtemps.",respirer-dans-les-sommets-un-voyage-a-travers-les-alpes,/images/alps.webp,William Shakespeare,"Dans le calme des Alpes, tout semblait plus clair — les sentiers, le ciel, et même les pensées que je portais depuis trop longtemps.",0,1,fr,2025-11-15 18:10:34,2025-11-15 18:10:41
59,REF-000011,"Cafés, Pavés et Matins Silencieux à Paris","Paris ne crie pas l’inspiration — elle la murmure. Viennoiseries chaudes, rues tranquilles, et un ordinateur ouvert sur des idées inachevées rythmaient mes matinées.",cafes-paves-et-matins-silencieux-a-paris,/images/paris.webp,William Shakespeare,"## 🌧️ **Un Matin Doux sur Prinsengracht**

Mon appartement temporaire est juste au-dessus d’un canal étroit, du genre où les bateaux glissent à la vitesse d’un piéton et où le bruit de l’eau frappant les pavés s’invite doucement en fond.

La majorité de mes matins commencent ainsi :

Un stroopwafel chaud.  
Une brise tiède qui apporte une légère odeur de café torréfié.  
Un ordinateur ouvert sur un banc en bois sous une maison de briques penchée.

Il y a ici quelque chose de profondément créatif dans le fait de coder en extérieur. Peut-être que c’est l’architecture — ces maisons hautes et fines, qui se penchent avec curiosité, telles des bibliothécaires attentives. Peut-être est-ce les habitants — qui pédalent, parlent à voix basse, apparaissent puis disparaissent en fond sonore.

Mais surtout, c’est la confiance tranquille de la ville.  
Amsterdam ne cherche pas à vous impressionner.  
Elle *est*, tout simplement.

---

## 🚲 **Là où le Code Rencontre le Rythme de la Ville**

Un après-midi, en regardant les cyclistes zigzaguer entre les trams et les piétons avec une aisance incroyable, une idée m’a traversé l’esprit :

> « Amsterdam est une ville orientée événement. »

Tout se produit par de petits déclencheurs délicats :
- Un piéton avance → un cycliste s’ajuste  
- Un bateau approche du pont → le pont-levis se lève lentement  
- Une sonnette de tram retentit → les gens s’écartent tels des vaguelettes  

C’est de la chorégraphie.  
Prédictible, réactive, élégante.

Et cela m’a rappelé comment j’aime construire mes packages Laravel :  
petits événements, écouteurs propres, modèles réactifs… mais avec une touche de sérénité.

C’est à ce moment qu’une idée a éclos.

---

## 🧩 **Présentation de : `laravel/canal-flow`**

Le package inspiré par Amsterdam.

Je l’ai réalisé dans un minuscule café près de Leidseplein — du genre avec des tables en bois minimalistes et un Wi-Fi qui fait mine d’être rapide, mais reste suffisamment lent pour favoriser la concentration.

`canal-flow` est une couche légère de mapping d’événements, qui vous permet de définir des réactions simples et enchaînées dans votre application.  
Une sorte de « rythme urbain pour Laravel ».

Au lieu de créer de gros écouteurs, vous façonnez des flux fluides et lisibles qui réagissent aux événements comme un cycliste esquivant un touriste.

**Pourquoi Amsterdam comme source d’inspiration ?**  
Parce qu’ici, tout fonctionne par accord silencieux.  
Tout réagit calmement au reste.

---

## 🌥️ La Philosophie Derrière le Package

Amsterdam m’a appris une chose :  
Tout système ne doit pas nécessairement être dramatique.

Parfois, une ondulation suffit.  
Un léger coup de pouce.  
Un événement silencieux.

Coder ici m’a amené à moins penser à la complexité, et davantage au mouvement — comment une petite action façonne la suivante.

`canal-flow` est devenu ma façon de saisir cette sensation, inside une application Laravel.  
Une abstraction modeste et élégante, qui sait répondre avec grâce au lieu d’en faire trop.

---

## 📦 Installer `canal-flow`

Voici le package fictif né de mon aventure à Amsterdam.  
Simple, discret et fondé sur le flux — à l’image de la ville.

### **Installer le package**

```bash
composer require laravel/canal-flow
```
",0,1,fr,2025-11-15 18:12:14,2025-11-15 18:12:26
60,REF-000008,Des Pas dans la Poussière : Trouver la Quiétude en Safari,"Une traversée des grands paysages d’Afrique de l’Est — où la lenteur des animaux et des levers du soleil a changé ma vision de la patience, de la créativité, et de toute construction qui compte. Pas de code ici, seulement des traces de poussière, des matins lents et le rappel que l’inspiration naît dans le silence.",des-pas-dans-la-poussiere-trouver-la-quietude-en-safari,/images/safari.webp,William Shakespeare,"Il y a un moment sur la route de Tarangire où l’asphalte s’efface et la terre reprend ses droits. Le van se met à vibrer, les vitres chantent sous la poussière, et tout l’univers prend la couleur de l’or brûlé par le soleil. C’est là que mon safari a commencé — ni dans un lodge, ni à une porte d’entrée, ni avec un guide brandissant un clipboard — mais à l’instant même où la route semblait murmurer : *« Ralentis. Tu entres dans un autre temps. »*

Je suis développeur Laravel de métier, voyageur par habitude, et, dernièrement, convaincu que le code et le paysage ont bien plus en commun qu’on ne l’admet. Mais cette histoire n’est pas celle du code. C’est celle des sentiers de poussière, des ciels lourds, et d’un apprentissage : respirer au rythme d’une girafe traversant la lumière du matin.

---

## **Le Premier Matin : Quand le Silence Devient Maître**

Mon premier lever de soleil en Afrique de l’Est ne fut pas timide. Il a dévalé l’horizon dans une ruée de couleurs — orange fondu, puis une vague de pêche, puis cet or pâle qui fait scintiller le monde entier. L’air était frais, subtil, vierge. Pendant un long moment, je n’ai pas bougé. Aucun de nous, dans la jeep, n’a bougé. Nous avons simplement observé l’éveil du monde.

Dans ce silence, j’ai compris que, pour la première fois depuis des années, je commençais une journée sans attraper mon ordinateur portable, sans vérifier mes notifications, sans organiser mentalement mes tâches. J’ai écouté des oiseaux lointains, dont j’ignore les noms, et j’ai regardé la poussière flotter doucement dans l’air pendant que des éléphants descend aient vers la rivière.

Je me suis rendu compte à quel point, rarement, j’autorise mon esprit à simplement s’asseoir — à *ralentir*, comme une file d’attente attendant un nouveau travail. La vie en safari ne presse rien. Elle ne court pas. Elle s’étend. Chaque lever de soleil n’est pas un commencement de journée ; c’est une invitation à la présence.

---

## **Apprendre le Rythme de la Terre**

Un safari est une étrange danse entre mouvement et immobilité. On passe des heures à rouler, scruter l’horizon, attendre. Puis — sans crier gare — tout s’accélère. Une lionne lève la tête hors des hautes herbes. Un troupeau d’impalas traverse le chemin à toute allure. Un zèbre jette un regard en coin, presque réprobateur.

Ce rythme m’a transformé.

Dans ma vie habituelle, je pousse toujours vers l’avant — déployer des fonctionnalités, corriger des bugs, optimiser les performances. J’ai l’habitude d’écrire du code comme si je courais après le soleil. Mais les animaux, ici ? Ils ne couraient après rien. Ils vivaient. Présents. Accordés à des cycles plus anciens que tout ce que nous avons bâti.

Un après-midi, nous nous sommes arrêtés près d’un point d’eau où des familles d’éléphants s’étaient rassemblées. Les petits pataugeaient dans la boue, agitant leurs oreilles comme de grands cerfs-volants. Les anciens, eux, restaient immobiles et patients, leurs ombres s’étirant derrière eux.

Mon guide a soufflé : « Ils avancent lentement parce qu’ils portent la mémoire. »

Cette phrase m’est restée. Peut-être que nous portons tous la mémoire — de l’épuisement, du surmenage, des idées que l’on expédie trop vite. Peut-être que le rythme du monde sauvage est celui auquel il faut parfois retourner.

---

## **La Conversation Silencieuse avec Soi-même**

Il existe une forme unique de réflexion qui n’apparaît qu’à l’arrière d’une jeep de safari. Le moteur vibre, le vent siffle à travers les fenêtres ouvertes, et le monde défile en camaïeu de bronze et de brun. On se retrouve face à soi-même — mais, étrangement, sans appréhension. Plutôt avec une clarté nouvelle.

J’ai pensé à des projets passés, à des idées abandonnées, aux bibliothèques que j’ai construites, à celles laissées en suspens. J’ai pensé à la façon dont l’inspiration se manifeste non pas dans le bruit, mais dans le calme. Dans les interstices du temps.

Le safari m’a rappelé que la créativité n’est pas toujours tapageuse. Parfois, c’est un bruissement dans les herbes. Une ombre lointaine. Un chuchotement qui souffle : *« Attends. Reste là. »*

Et bien sûr, pas d’ordinateur sur les genoux, pas de ligne de commande, pas d’éditeur. Seulement cette prise de conscience qui grandit : l’inspiration s’épanouit quand on cesse de la forcer.

---

## **Le Jour où la Poussière est Retombée**

C’est au quatrième matin que j’ai pleinement compris ce que ce voyage provoquait en moi.

Nous attendions au bord d’un lit de rivière asséché — attendant comme on attend en safari, prêts mais détendus. Les heures ont passé. Puis, soudain, une léopard est apparue dans la lumière immobile. Silencieuse. Sans effort. Comme si elle avait toujours été là, cachée dans les plis du soleil.

Personne n’a parlé. Même le guide n’a pas murmuré. Nous avons simplement observé, fascinés, alors qu’elle traversait le lit de la rivière, s’arrêtait et nous regardait en arrière. Dans ses yeux, il y avait tout le poids de la savane.

Et à cet instant, j’ai senti quelque chose se déposer en moi — une tranquillité dont j’ignorais le manque.

Ce n’était pas le frisson de voir un animal rare. Ce n’était ni l’aventure, ni l’adrénaline. C’était la réalisation que les choses qui comptent, comme les belles constructions en code, demandent du temps. La patience n’est pas un retard ; c’est une discipline. La quiétude n’est pas l’immobilisme ; c’est un espace.

---

## **Quitter la Poussière (Mais Pas Vraiment)**

Le dernier jour, je me suis assis sur un rocher, face à une plaine silencieuse. Aucun animal en vue. Aucun bruit, sauf le vent dans les herbes sèches. Une petite partie de moi voulait sortir l’ordinateur, saisir l’instant, commencer à esquisser un projet né de toute cette paix.

Mais je ne l’ai pas fait.

J’ai laissé la poussière s’accumuler sur mes chaussures, senti le soleil réchauffer ma nuque, et respiré au rythme lent d’une terre qui vit, indifférente, depuis bien avant mon passage.

J’ai compris alors que le vrai cadeau du safari n’était ni une histoire à écrire, ni une bibliothèque à bâtir, ni une leçon à appliquer. C’était une permission. Celle de faire une pause. De faire confiance au rythme naturel des choses. De se souvenir que l’inspiration n’a pas besoin d’être poursuivie — elle se dévoile quand on lui laisse la place de surgir.

Lorsque je suis finalement remonté dans la jeep, j’ai regardé les traces laissées sur la poussière. Elles disparaîtraient en quelques minutes. Mais la quiétude ? Celle-là, je l’ai emportée avec moi.

**Des pas dans la poussière. La patience sauvage. Le silence comme source d’inspiration.**  
Parfois, il faut voyager vers l’immensité pour se souvenir d’une vérité simple :  
**Rien de précieux ne se construit dans la précipitation.**",0,1,fr,2025-11-15 18:12:46,2025-11-15 18:12:54
61,REF-000010,고요함을 페달하며: 암스테르담 운하에서 쓴 노트,"암스테르담에서 나는 숨을 천천히 쉬는 법을 배웠다. 조용한 다리와 아침 라이딩 사이에서, 아이디어가 물결처럼 조심스레 찾아왔다.",pedaling-through-calm-notes-from-amsterdams-canals-1,/images/amsterdam.webp,William Shakespeare,"## 🌧️ **프린센흐라흐트에서의 느린 아침**

내 임시 아파트는 좁은 운하 바로 위에 있다. 이곳에서는 보트가 걷는 속도로 미끄러지듯 지나가고, 물이 돌에 닿는 소리가 배경음처럼 스며든다.

대부분의 아침은 이렇게 시작된다:

따뜻한 스트룹와플.  
구운 커피의 은은한 향기를 싣고 오는 따뜻한 바람.  
기울어진 벽돌 집 아래 나무 벤치에 펼쳐 둔 노트북.

이곳 야외에서 코딩하는 것은 아주 창의적인 경험이다. 아마도 그 이유는 이 도시의 건축물 때문일 것이다 — 마치 호기심 많은 사서처럼, 약간 앞으로 기울어진 높고 좁은 집들. 혹은 사람들 때문일지도 모른다 — 자전거를 타고, 부드럽게 대화하며, 배경 소음처럼 스며들고 사라진다.

하지만, 그 무엇보다도 이 도시의 조용한 자신감 때문일 것이다.

암스테르담은 누군가에게 감동을 주려고 애쓰지 않는다.  
그저 *존재*할 뿐이다.

---

## 🚲 **코드와 도시의 흐름이 만나다**

어느 오후, 트램과 보행자 사이를 불가능해 보일 정도로 부드럽게 오가는 자전거를 바라보다가 문득 이런 생각이 들었다:

> “암스테르담은 이벤트 기반(event-driven) 도시다.”

모든 것이 작고 부드러운 트리거(trigger)로 일어난다:
- 보행자가 앞으로 나아가면 → 자전거가 조정된다  
- 보트가 다리에 다가오면 → 도개교가 천천히 올라간다  
- 트램 종이 울리면 → 사람들이 물처럼 갈라진다  

이것은 하나의 안무다.  
예측 가능하고, 반응하며, 우아하다.

그리고 이것은 내가 Laravel 패키지를 만드는 방식을 떠올리게 했다:  
작은 이벤트, 깔끔한 리스너, 반응형 패턴… 그리고 약간의 평온함.

바로 그때, 아이디어가 찾아왔다.

---

## 🧩 **소개합니다: `laravel/canal-flow`**

암스테르담에서 영감을 받은 패키지.

나는 Leidseplein 근처 작은 카페에서 이 패키지를 만들었다 — 미니멀리즘 나무 테이블과, 빠른 척하지만 집중하기엔 느릿한 와이파이를 갖춘 그런 곳.

`canal-flow`는 앱 안에서 간단하고 연결된 반응을 정의할 수 있게 하는 경량 이벤트 매핑 레이어다.  
일종의 “Laravel을 위한 도시 흐름(city-flow)”처럼.

거대한 리스너 대신, 자전거가 관광객을 피하듯 트리거에 부드럽게 반응하는, 읽기 쉬운 흐름을 만든다.

**왜 암스테르담이 영감을 주었을까?**  
여기서 모든 것은 조용한 합의로 작동하기 때문이다.  
모든 것은 서로에게 — 고요히 — 반응한다.

---

## 🌥️ 패키지에 담긴 철학

암스테르담이 가르쳐 준 것이 있다:  
모든 시스템이 극적일 필요는 없다는 것.

때론 작은 물결이면 충분하다.  
아주 작은 흔들림.  
조용한 이벤트.

여기서 코딩하며 나는 복잡함보다는 움직임에 대해 더 생각했다 — 한 작은 행동이 다음을 어떻게 바꾸는지.

`canal-flow`는 바로 그 감정을 Laravel 앱 안에 담으려는 나만의 방법이었다.  
수수하면서 우아한 추상화로, 조용히 — 그리고 품위 있게 — 반응한다.

---

## 📦 `canal-flow` 설치하기

내 암스테르담 여행에서 태어난 가상의 패키지.  
심플하고, 조용하며, 흐름을 지향한다 — 마치 이 도시처럼.

### **패키지 설치**

```bash
composer require laravel/canal-flow
```
",0,1,kr,2025-11-16 00:22:36,2025-11-16 00:22:43